<?xml version='1.0' encoding='ISO-8859-1'?>
<config>

	<summary>
		Insertar registro 
	</summary>

	<log>false</log>

	<transaction>
		<classname>dinamica.audit.AuditableTransaction</classname>
		<validator>true</validator>
		<transaction>false</transaction>
		<jdbc-log>false</jdbc-log>
		<recordset id="nextval.sql" source="sql" scope="transaction"/>
	</transaction>

	<query>insert.sql</query>
	
	<output>
		<classname>dinamica.GenericOutput</classname>
		<template>script.js</template>
		<set-http-headers>true</set-http-headers>
		<content-type>text/javascript</content-type>
		<expiration>0</expiration>
		<print mode="form" recordset="_request" />
		<print mode="form" recordset="insert.sql" />
	</output>
	
	<!-- Envio de email declarativo -->
	<mail enabled="false">
		<subject>Subject del email</subject>
		<mail-to>martin.cordova@gmail.com</mail-to>
		<body>body.txt</body>
	</mail>

</config>
