<?xml version='1.0' encoding='ISO-8859-1'?>
<validator maxErrors='20'>
	<parameter id='smn_entidad_rf' type='integer' required='true' maxlen='10'/>
	<parameter id='smn_sucursal_rf' type='integer' required='false' maxlen='10'/>
	<parameter id='rec_numero' type='integer' required='true' maxlen='10'/>
	<parameter id='smn_cliente_rf' type='integer' required='true' maxlen='10'/>
	<parameter id='rec_fecha_generacion' type='date' required='true' maxlen='13'/>
	<parameter id='rec_fecha_entrega' type='date' required='true' maxlen='13'/>
	<parameter id='rec_ejecutivo_recibe' type='varchar' required='true' maxlen='2'/>
	<parameter id='rec_monto_ml' type='double' required='true' maxlen='17'/>
	<parameter id='rec_monto_ma' type='double' required='false' maxlen='17'/>
	<parameter id='rec_cantidad_documento' type='integer' required='true' maxlen='10'/>
	<parameter id='rec_estatus' type='varchar' required='true' maxlen='2'/>



</validator>
