<?xml version='1.0' encoding='ISO-8859-1'?>
<config>

	<summary>
		Insertar registro 
	</summary>

	<log>false</log>

	<!--soporte de auditoria-->
	<audit>
		<!--de donde saca los datos, por defecto es "_request"-->
		<recordset></recordset>
		<!--que campos extrae para el registro descriptivo-->
		<!-- <cols>
			<colname>smn_usuario_rf</colname>
			<colname>smn_perfil_rf</colname>
			<colname>smn_clase_auxiliar_rf</colname>
			<colname>smn_auxiliar_rf</colname>
			<colname>rol_tipo</colname>
			<colname>smn_corporacion_rf</colname>
			<colname>smn_entidad_rf</colname>
			<colname>smn_sucursal_rf</colname>
			<colname>smn_posicion_estructura_rf</colname>
			<colname>rol_estatus</colname>
			<colname>rol_vigencia</colname>
		
		</cols> -->
		<table>smn_cobranzas.smn_relacion_envio_cobranza</table>
		<oper>A�ADIR</oper>
		<area>Carga de datos</area>
		<!--
			query para obtener el ID generado o nombre de 
			la columna que contiene el pkey, si es query, 
			el alias del campo debe ser "id"
		-->
		<pkey>select ${seq:currval@smn_cobranzas.seq_smn_relacion_envio_cobranza} as id</pkey>
	</audit>

	<transaction>
		<classname>dinamica.audit.AuditableTransaction</classname>
		<validator>true</validator>
		<transaction>true</transaction>
		<jdbc-log>false</jdbc-log>
		<recordset id="nextval.sql" source="sql" scope="transaction" />
		<recordset id="query-rel-relacion-envio-documento.sql" source="sql" scope="transaction" />
	</transaction>

	<query>insert.sql</query>
	<query params="query-rel-relacion-envio-documento.sql">insert-query_rel_mov_doc_envio_cob.sql</query>


	<output>
		<classname>dinamica.GenericOutput</classname>
		<template>script.js</template>
		<set-http-headers>true</set-http-headers>
		<content-type>text/javascript</content-type>
		<expiration>0</expiration>
		<print mode="form" recordset="_request" />
		<print mode="form" recordset="nextval.sql" />
	</output>
	


</config>
